UserName,FirstName,LastName,Infern0Dust2
GNancy,Nancy,GONZALES,Infern0Dust2
HKayla,Kayla,HAWKINS,Infern0Dust2
DCharlotte,Charlotte,DUNN,Infern0Dust2
JJohnny,Johnny,JIMENEZ,Infern0Dust2
FPhilip,Philip,FOSTER,Infern0Dust2
RBobby,Bobby,ROSS,Infern0Dust2
LLouis,Louis,LONG,Infern0Dust2
MElijah,Elijah,MYERS,Infern0Dust2
PRussell,Russell,PATEL,Infern0Dust2
SVincent,Vincent,SANDERS,Infern0Dust2
CEugene,Eugene,CASTILLO,Infern0Dust2
HChristopher,Christopher,HERNANDEZ,Infern0Dust2
ARandy,Randy,ALVAREZ,Infern0Dust2
PRalph,Ralph,PRICE,Infern0Dust2
HRoy,Roy,HUGHES,Infern0Dust2
RWayne,Wayne,RUIZ,Infern0Dust2
SAlexis,Alexis,SPENCER,Infern0Dust2
KRose,Rose,KELLEY,Infern0Dust2
MJuan,Juan,MENDOZA,Infern0Dust2
GAlan,Alan,GRAY,Infern0Dust2
BLogan,Logan,BENNETT,Infern0Dust2
GIsabella,Isabella,GRANT,Infern0Dust2
PNatalie,Natalie,PAYNE,Infern0Dust2
GBrittany,Brittany,GARDNER,Infern0Dust2
JGabriel,Gabriel,JAMES,Infern0Dust2
RDiana,Diana,RYAN,Infern0Dust2
WWillie,Willie,WOOD,Infern0Dust2
WMarie,Marie,WEAVER,Infern0Dust2
SSophia,Sophia,SOTO,Infern0Dust2
STheresa,Theresa,STEPHENS,Infern0Dust2
CAlbert,Albert,CHAVEZ,Infern0Dust2
NDanielle,Danielle,NICHOLS,Infern0Dust2
FBeverly,Beverly,FERGUSON,Infern0Dust2
DMarilyn,Marilyn,DANIELS,Infern0Dust2
GAmber,Amber,GARZA,Infern0Dust2
SDenise,Denise,SCHMIDT,Infern0Dust2
BBruce,Bruce,BROOKS,Infern0Dust2
RGrace,Grace,RICE,Infern0Dust2
MJudy,Judy,MEYER,Infern0Dust2
WBilly,Billy,WATSON,Infern0Dust2
MJulia,Julia,MILLS,Infern0Dust2
WAbigail,Abigail,WARREN,Infern0Dust2
RJordan,Jordan,RICHARDSON,Infern0Dust2
WJoe,Joe,WARD,Infern0Dust2
CBryan,Bryan,COX,Infern0Dust2
FDoris,Doris,FOX,Infern0Dust2
KDylan,Dylan,KIM,Infern0Dust2
RJesse,Jesse,RAMOS,Infern0Dust2
SMadison,Madison,SALAZAR,Infern0Dust2
SAlice,Alice,STONE,Infern0Dust2
RJean,Jean,ROSE,Infern0Dust2
BJanice,Janice,BOYD,Infern0Dust2
RSara,Sara,ROBERTSON,Infern0Dust2
HLawrence,Lawrence,HOWARD,Infern0Dust2
BKathryn,Kathryn,BLACK,Infern0Dust2
WTeresa,Teresa,WAGNER,Infern0Dust2
PAnn,Ann,PALMER,Infern0Dust2
KArthur,Arthur,KELLY,Infern0Dust2
HGloria,Gloria,HOLMES,Infern0Dust2
HFrances,Frances,HICKS,Infern0Dust2
RAustin,Austin,REED,Infern0Dust2
BSean,Sean,BAILEY,Infern0Dust2
HJacqueline,Jacqueline,HUNT,Infern0Dust2
PTerry,Terry,PETERSON,Infern0Dust2
CCarl,Carl,COOPER,Infern0Dust2
MGerald,Gerald,MORGAN,Infern0Dust2
MMartha,Martha,MUNOZ,Infern0Dust2
ONoah,Noah,ORTIZ,Infern0Dust2
GRoger,Roger,GUTIERREZ,Infern0Dust2
RChristian,Christian,ROGERS,Infern0Dust2
DHannah,Hannah,DIXON,Infern0Dust2
CKeith,Keith,COOK,Infern0Dust2
MHarold,Harold,MURPHY,Infern0Dust2
MAndrea,Andrea,MASON,Infern0Dust2
SCheryl,Cheryl,SNYDER,Infern0Dust2
SMegan,Megan,SHAW,Infern0Dust2
MJeremy,Jeremy,MORALES,Infern0Dust2
MEthan,Ethan,MORRIS,Infern0Dust2
SJudith,Judith,SILVA,Infern0Dust2
MEvelyn,Evelyn,MENDEZ,Infern0Dust2
SWalter,Walter,STEWART,Infern0Dust2
GJoan,Joan,GORDON,Infern0Dust2
HLauren,Lauren,HUNTER,Infern0Dust2
PChristina,Christina,PORTER,Infern0Dust2
SKelly,Kelly,SIMPSON,Infern0Dust2
RKyle,Kyle,REYES,Infern0Dust2
OOlivia,Olivia,OLSON,Infern0Dust2
CVictoria,Victoria,CRAWFORD,Infern0Dust2
BJoyce,Joyce,BURNS,Infern0Dust2
GJulie,Julie,GUZMAN,Infern0Dust2
TVirginia,Virginia,TUCKER,Infern0Dust2
WDiane,Diane,WEBB,Infern0Dust2
FHeather,Heather,FREEMAN,Infern0Dust2
CMaria,Maria,CHEN,Infern0Dust2
HRuth,Ruth,HENRY,Infern0Dust2
CPeter,Peter,COLLINS,Infern0Dust2
VJanet,Janet,VARGAS,Infern0Dust2
EZachary,Zachary,EDWARDS,Infern0Dust2
WCarolyn,Carolyn,WELLS,Infern0Dust2
KCatherine,Catherine,KENNEDY,Infern0Dust2
WRachel,Rachel,WASHINGTON,Infern0Dust2
CDouglas,Douglas,CRUZ,Infern0Dust2
WDebra,Debra,WOODS,Infern0Dust2
PNathan,Nathan,PARKER,Infern0Dust2
DHenry,Henry,DIAZ,Infern0Dust2
TAdam,Adam,TURNER,Infern0Dust2
MChristine,Christine,MCDONALD,Infern0Dust2
EJose,Jose,EVANS,Infern0Dust2
FKatherine,Katherine,FERNANDEZ,Infern0Dust2
HSamantha,Samantha,HARRISON,Infern0Dust2
OEmma,Emma,OWENS,Infern0Dust2
PAaron,Aaron,PHILLIPS,Infern0Dust2
MNicole,Nicole,MARSHALL,Infern0Dust2
GTyler,Tyler,GOMEZ,Infern0Dust2
CPamela,Pamela,CASTRO,Infern0Dust2
RJerry,Jerry,ROBERTS,Infern0Dust2
FBrenda,Brenda,FORD,Infern0Dust2
CDennis,Dennis,CARTER,Infern0Dust2
MAnna,Anna,MURRAY,Infern0Dust2
SHelen,Helen,STEVENS,Infern0Dust2
MJack,Jack,MITCHELL,Infern0Dust2
AAngela,Angela,AGUILAR,Infern0Dust2
MShirley,Shirley,MEDINA,Infern0Dust2
CPatrick,Patrick,CAMPBELL,Infern0Dust2
RRaymond,Raymond,RIVERA,Infern0Dust2
HAlexander,Alexander,HALL,Infern0Dust2
TAmy,Amy,TRAN,Infern0Dust2
EKathleen,Kathleen,ELLIS,Infern0Dust2
BFrank,Frank,BAKER,Infern0Dust2
GCynthia,Cynthia,GIBSON,Infern0Dust2
NGregory,Gregory,NELSON,Infern0Dust2
ASamuel,Samuel,ADAMS,Infern0Dust2
HLaura,Laura,HERRERA,Infern0Dust2
BSharon,Sharon,BRYANT,Infern0Dust2
HRebecca,Rebecca,HAYES,Infern0Dust2
CStephanie,Stephanie,COLE,Infern0Dust2
WDeborah,Deborah,WEST,Infern0Dust2
GBenjamin,Benjamin,GREEN,Infern0Dust2
MMelissa,Melissa,MORENO,Infern0Dust2
FBrandon,Brandon,FLORES,Infern0Dust2
HScott,Scott,HILL,Infern0Dust2
WAmanda,Amanda,WALLACE,Infern0Dust2
NJustin,Justin,NGUYEN,Infern0Dust2
TLarry,Larry,TORRES,Infern0Dust2
GCarol,Carol,GRIFFIN,Infern0Dust2
RDorothy,Dorothy,REYNOLDS,Infern0Dust2
GMichelle,Michelle,GRAHAM,Infern0Dust2
HDonna,Donna,HAMILTON,Infern0Dust2
AEmily,Emily,ALEXANDER,Infern0Dust2
SStephen,Stephen,SCOTT,Infern0Dust2
PKimberly,Kimberly,PATTERSON,Infern0Dust2
WJonathan,Jonathan,WRIGHT,Infern0Dust2
JAshley,Ashley,JORDAN,Infern0Dust2
RSandra,Sandra,ROMERO,Infern0Dust2
KEric,Eric,KING,Infern0Dust2
ANicholas,Nicholas,ALLEN,Infern0Dust2
YGary,Gary,YOUNG,Infern0Dust2
SMargaret,Margaret,SIMMONS,Infern0Dust2
VBetty,Betty,VASQUEZ,Infern0Dust2
WJacob,Jacob,WALKER,Infern0Dust2
RRyan,Ryan,ROBINSON,Infern0Dust2
FLisa,Lisa,FISHER,Infern0Dust2
LJeffrey,Jeffrey,LEWIS,Infern0Dust2
BKaren,Karen,BARNES,Infern0Dust2
HSarah,Sarah,HENDERSON,Infern0Dust2
RJason,Jason,RAMIREZ,Infern0Dust2
BJessica,Jessica,BUTLER,Infern0Dust2
CTimothy,Timothy,CLARK,Infern0Dust2
SRonald,Ronald,SANCHEZ,Infern0Dust2
HEdward,Edward,HARRIS,Infern0Dust2
CSusan,Susan,COLEMAN,Infern0Dust2
WGeorge,George,WHITE,Infern0Dust2
TBrian,Brian,THOMPSON,Infern0Dust2
PKevin,Kevin,PEREZ,Infern0Dust2
LKenneth,Kenneth,LEE,Infern0Dust2
MJoshua,Joshua,MARTIN,Infern0Dust2
JAndrew,Andrew,JACKSON,Infern0Dust2
MPaul,Paul,MOORE,Infern0Dust2
TSteven,Steven,TAYLOR,Infern0Dust2
TDonald,Donald,THOMAS,Infern0Dust2
AMark,Mark,ANDERSON,Infern0Dust2
BBarbara,Barbara,BELL,Infern0Dust2
WAnthony,Anthony,WILSON,Infern0Dust2
SElizabeth,Elizabeth,SULLIVAN,Infern0Dust2
RLinda,Linda,RUSSELL,Infern0Dust2
PJennifer,Jennifer,PERRY,Infern0Dust2
JPatricia,Patricia,JENKINS,Infern0Dust2
GMatthew,Matthew,GONZALEZ,Infern0Dust2
LDaniel,Daniel,LOPEZ,Infern0Dust2
MCharles,Charles,MARTINEZ,Infern0Dust2
RThomas,Thomas,RODRIGUEZ,Infern0Dust2
DJoseph,Joseph,DAVIS,Infern0Dust2
MRichard,Richard,MILLER,Infern0Dust2
PMary,Mary,POWELL,Infern0Dust2
GDavid,David,GARCIA,Infern0Dust2
JWilliam,William,JONES,Infern0Dust2
BMichael,Michael,BROWN,Infern0Dust2
WJohn,John,WILLIAMS,Infern0Dust2
JRobert,Robert,JOHNSON,Infern0Dust2
SJames,James,SMITH,Infern0Dust2
cdo,cdo,goats,bb123#123#123
amarino,a,marino,bb123#123#123
abauer,a,bauer,bb123#123#123
theodore,theo,dore,bb123#123#123
simon,si,mon,bb123#123#123
alvin,Alexander,desocio,bb123#123#123
linuswindows,linus,windows,bb123#123#123
johnlinux,john,linux,bb123#123#123
acapece,a,capece,bb123#123#123
lsmith,l,smith,bb123#123#123
mdesocio,m,desocio,bb123#123#123
,,,
,,,
